{"train_losses": [1.862920589284348, 1.527442843632742, 1.3456957693970957, 1.222170650238845, 1.1289436114368154, 1.0414210930519605, 0.9720118466470795, 0.9135534039565495, 0.8602684583109833, 0.8168102508753686, 0.7802886379976686, 0.7419896332312749, 0.7164960442575564, 0.6871894864893672, 0.6590413149147061, 0.6375602344693067, 0.6122805112291078, 0.5958155019959407, 0.5741631279261975, 0.5531162586335858], "val_losses": [1.7673656128014728, 1.3897132235727492, 1.321985575803526, 1.1889689363491762, 1.1277986218215554, 1.0407527521917015, 0.9953410519156486, 0.9786513352849681, 0.9194850815329582, 0.9638425810321881, 0.889551303568919, 0.8994868710921828, 0.8993791983385754, 1.0069609282502703, 0.8628832060060684, 0.8593676450905526, 0.9076269187365368, 0.9317149476260896, 0.8962923026388618, 0.9156713000718196], "val_accuracies": [0.3328, 0.4906, 0.5198, 0.569, 0.592, 0.6234, 0.646, 0.6482, 0.6688, 0.6652, 0.6772, 0.6778, 0.6814, 0.651, 0.7002, 0.7004, 0.691, 0.6894, 0.6928, 0.696]}