{"losses": {"LeakyReLU(0.3)": [[[1.6768597669438767, 1.2868607218755248, 1.1092765622089835, 0.9792890391115949, 0.8825722529944072, 0.8076793142007274, 0.7506149418191361, 0.6879707306898818, 0.6484240577969893, 0.5952743390984119, 0.5587762005590088, 0.5200273603963446, 0.4806513031990967, 0.4530919823893521, 0.4176973555853965, 0.3897999373569756, 0.3641136656088361, 0.339080029083171, 0.3209775178835548, 0.3003795930418082]], [[1.478771808800424, 1.2356346412828774, 1.0767509500691845, 0.9769641088831956, 0.9777394964057169, 0.8928908191289112, 0.8807697620741122, 0.9397246516813897, 0.9166435652477726, 0.8680226939498998, 0.8729588603897459, 0.9069371743566671, 0.9040511366288373, 0.8930591207211185, 0.9207301628627594, 0.9182076444671412, 0.9490708192442633, 1.0658541483104609, 0.9863387171629887, 1.08601795108455]]], "LeakyReLU(0.1)": [[[1.7753854318976656, 1.3564309591338748, 1.1498385076838007, 1.0007041491933468, 0.8929902905679037, 0.8085301853954665, 0.7403762761527287, 0.6806554135356122, 0.6224129410419552, 0.5754481607355713, 0.5290724218061145, 0.4909104903697883, 0.45303808424857467, 0.4116020281325864, 0.3837392213142079, 0.353608463385805, 0.3235038963451653, 0.30249610788426506, 0.2760216929256789, 0.258056395644138]], [[1.5005121474053449, 1.2544695879243741, 1.1367266493238461, 0.99724584134521, 0.9638285519211156, 0.8841482805218667, 0.8661191526112283, 0.8585714175822629, 0.8559974277285254, 0.8641638064840037, 0.8232289355271941, 0.9121419445724245, 0.8902794775689483, 0.8659456267858007, 0.9297125119312554, 0.9672094111799434, 1.0052068134781662, 1.0371198475740517, 1.0453089359839252, 1.1030452572236396]]], "LeakyReLU(0.03)": [[[1.774546773448936, 1.3808729476596586, 1.1769264423855672, 1.032702464920117, 0.9155419777281841, 0.8217790476294723, 0.7433581804881811, 0.682116226791573, 0.6280029490113512, 0.5761989735824128, 0.5197173982498573, 0.48297312138727905, 0.4444410888572153, 0.40386921114419994, 0.37346439999240294, 0.3394078464375037, 0.31200396672007713, 0.2849715660778275, 0.2654645326596969, 0.2473286391721076]], [[1.5283267323378544, 1.3072155729220931, 1.294962968795922, 1.050884379323121, 0.9915817076233542, 0.8903874675179743, 0.8470317529644936, 0.8714566147251493, 0.851058094554646, 0.8302451744201077, 0.8586902299504371, 0.8602171735778735, 0.8587035405787693, 0.9476467915780985, 0.9362132088014274, 0.9656017944691287, 1.028856518162284, 1.0734695678303956, 1.1126024011214068, 1.1359588124190168]]], "LeakyReLU": [[[1.7731315379627393, 1.3807469500492207, 1.1838712217795908, 1.0510095745515722, 0.9413232070677824, 0.8490397995172364, 0.7772393379553718, 0.7031425593927895, 0.6490538879731231, 0.5952296413550076, 0.5454760921461073, 0.5084498196723788, 0.4616183945227364, 0.4248037403125075, 0.387773828201033, 0.35622217543767376, 0.32348277448135737, 0.30322811668361427, 0.27746599854923937, 0.2549402335527609]], [[1.5900646873340485, 1.2577768400975853, 1.1172176390696482, 1.0830496523031004, 0.9617306047184452, 0.9496700983897896, 0.8575787280395533, 0.8619200408838357, 0.892310426683183, 0.8823538113171887, 0.9395156329984118, 0.8632146102987277, 0.8926780480108444, 0.9131796098059151, 0.9698170778478027, 0.9573451733323419, 0.9920444905188432, 1.1431333770038217, 1.1510749122329578, 1.1079039402828095]]], "Sigmoid": [[[2.211768077719525, 1.9562279745120907, 1.853626662564769, 1.7766203708316557, 1.7041086349914323, 1.6512821292572184, 1.6060317570043101, 1.5658152286431937, 1.5243983885118448, 1.4868833987358705, 1.4536633182266712, 1.4173093032735242, 1.3857450685182529, 1.3552891618407357, 1.3259033738677182, 1.2916222337974923, 1.2670733226303015, 1.2397912013335861, 1.2173089654884528, 1.1897848097669714]], [[2.0442904454127997, 1.8942306353028413, 1.8263117484985643, 1.733614689225604, 1.6932666924349062, 1.6259837499849357, 1.6657878927364471, 1.533353515491364, 1.5388200905672305, 1.506694975931933, 1.4887258972331976, 1.505068747101316, 1.4020192926856363, 1.375388247571933, 1.345280614628154, 1.3565892873296312, 1.2903600767919212, 1.2941394440687386, 1.2516026584206112, 1.232321749826905]]], "ELU": [[[1.6058212303064694, 1.2258769079312077, 1.055909459906092, 0.9470048785294382, 0.8591274597921013, 0.7868678840281019, 0.721891101976617, 0.66584989599031, 0.6154851761263317, 0.5630756764439039, 0.5212886199916434, 0.4815012535137239, 0.4431291874061261, 0.4111288954062333, 0.37333640970909265, 0.34274281698524656, 0.3218466588444928, 0.29385860258741164, 0.28154897905870285, 0.2503162657851307]], [[1.3865351384612405, 1.147024551774286, 1.0421309998840282, 0.9716054347290355, 0.9677608631978369, 0.901733118827176, 0.8812900352629887, 0.8427911560246899, 0.8459809079861186, 0.8404409442168133, 0.8623076055649739, 0.9187191364112174, 0.8809652481299297, 0.984099922286477, 1.0253040978483334, 0.9964487105133427, 1.0136811930662508, 1.1575647400822608, 1.1304459073076583, 1.1902171382383935]]], "PReLU": [[[1.6782489713405835, 1.294684602677102, 1.1097376926113038, 0.9627042223819199, 0.8600057864451798, 0.7773137713842724, 0.7126466344986389, 0.6483158102337147, 0.5941176288989561, 0.5421888029736327, 0.49632442644092317, 0.4563797451052669, 0.41615105044909545, 0.38407719943357344, 0.35369288105075464, 0.32485853637321754, 0.2997966267157931, 0.2717327249991657, 0.2567001331700826, 0.2350005912094747]], [[1.446561861190067, 1.232412899375721, 1.043466520916884, 0.97535948009248, 0.9215282600396758, 0.8768318352425933, 0.9776373403087543, 0.8503457743460965, 0.853843935166195, 0.8514445338659226, 0.8341722268207817, 0.8662783319403411, 0.8925376338943555, 0.8886675428433023, 0.9419936268192948, 1.0533435329510148, 1.0020646987257489, 1.060606556428466, 1.1652118592125595, 1.1272445939908362]]]}, "accuracies": {"LeakyReLU(0.3)": [[0.4698, 0.558, 0.6194, 0.654, 0.6512, 0.6828, 0.6954, 0.6872, 0.6894, 0.7148, 0.7128, 0.717, 0.7158, 0.7318, 0.7178, 0.732, 0.7262, 0.7192, 0.7226, 0.719]], "LeakyReLU(0.1)": [[0.4482, 0.5368, 0.5968, 0.6454, 0.6558, 0.687, 0.6994, 0.7064, 0.7066, 0.7022, 0.724, 0.7096, 0.7166, 0.7278, 0.7254, 0.7264, 0.717, 0.7166, 0.7202, 0.7218]], "LeakyReLU(0.03)": [[0.4492, 0.535, 0.5488, 0.6258, 0.6418, 0.6798, 0.7102, 0.689, 0.7084, 0.714, 0.7248, 0.7278, 0.7156, 0.7096, 0.732, 0.7242, 0.7164, 0.7234, 0.7194, 0.7106]], "LeakyReLU": [[0.405, 0.5496, 0.5998, 0.6144, 0.6572, 0.6658, 0.6976, 0.6982, 0.6954, 0.697, 0.6926, 0.719, 0.7144, 0.7132, 0.7096, 0.7192, 0.721, 0.6988, 0.7008, 0.7152]], "Sigmoid": [[0.2174, 0.2726, 0.3096, 0.3488, 0.366, 0.3952, 0.3928, 0.4348, 0.44, 0.447, 0.4414, 0.4438, 0.4838, 0.496, 0.5134, 0.5094, 0.5306, 0.5272, 0.5402, 0.5544]], "ELU": [[0.5012, 0.5894, 0.6202, 0.6576, 0.6614, 0.6838, 0.6878, 0.7032, 0.7084, 0.7234, 0.7134, 0.7106, 0.7216, 0.703, 0.7032, 0.7196, 0.7188, 0.705, 0.7204, 0.7112]], "PReLU": [[0.4774, 0.555, 0.6238, 0.657, 0.6686, 0.6924, 0.6576, 0.7032, 0.711, 0.7154, 0.725, 0.7192, 0.723, 0.7262, 0.7192, 0.6932, 0.727, 0.715, 0.7148, 0.7222]]}}